channel,mean_importance,std_importance
game_rot_vec_x,0.0704074283665039,0.008654478197337853
game_rot_vec_y,0.06920785018362426,0.0026375380102153178
accelerometer_x,0.0655426422513172,0.0035013244074875104
game_rot_vec_z,0.06303445529163838,0.004250706532834797
magn_field_z,0.05898699810161704,0.01129988433128649
gravity_z,0.058713500070519196,0.003694028257155098
gravity_x,0.05809914277748686,0.008215183961255595
gyros_x,0.057694155295339965,0.0074920281622212525
accelerometer_z,0.05630931788112743,0.0030449806087684337
magn_field_x,0.05582881763189786,0.00544332631565158
gravity_y,0.05411443796890072,0.004440584905170619
gyros_z,0.053131418729556346,0.0060994829809464
magn_field_y,0.04871327887881889,0.005851117667037151
gyros_y,0.04724324011376491,0.0019556775834231174
lin_accel_z,0.04691366986380685,0.006012112000109156
accelerometer_y,0.04688083160513261,0.004041040679432865
lin_accel_y,0.04681266280128692,0.0035355263999647104
lin_accel_x,0.04236615218766063,0.004227801713918504
