rank,pattern,dilation,channel,class,movement,count,mean_activation,std_activation,median_activation
1,"[2.0, 2.0, -1.0, 2.0, -1.0, -1.0, -1.0, -1.0, -1.0]",4,game_rot_vec_y,0,Absence of movement,40,-0.6931947,0.59485793,-0.80794084
1,"[2.0, 2.0, -1.0, 2.0, -1.0, -1.0, -1.0, -1.0, -1.0]",4,game_rot_vec_y,1,Upward Block,40,0.19427916,0.25204974,0.23319355
1,"[2.0, 2.0, -1.0, 2.0, -1.0, -1.0, -1.0, -1.0, -1.0]",4,game_rot_vec_y,2,Hammering Inward Block,40,-0.24964705,0.35227424,-0.24849421
1,"[2.0, 2.0, -1.0, 2.0, -1.0, -1.0, -1.0, -1.0, -1.0]",4,game_rot_vec_y,3,Extended Outward Block,40,0.19597733,0.34664848,0.18290168
1,"[2.0, 2.0, -1.0, 2.0, -1.0, -1.0, -1.0, -1.0, -1.0]",4,game_rot_vec_y,4,Outward Downward Block,40,0.44743356,0.24908797,0.39018363
1,"[2.0, 2.0, -1.0, 2.0, -1.0, -1.0, -1.0, -1.0, -1.0]",4,game_rot_vec_y,5,Rear Elbow Block,40,0.07837946,0.26766893,0.11304946
2,"[2.0, 2.0, -1.0, -1.0, 2.0, -1.0, -1.0, -1.0, -1.0]",4,game_rot_vec_z,0,Absence of movement,40,-0.67929566,0.56658554,-0.7105186
2,"[2.0, 2.0, -1.0, -1.0, 2.0, -1.0, -1.0, -1.0, -1.0]",4,game_rot_vec_z,1,Upward Block,40,0.22816725,0.3134187,0.25556892
2,"[2.0, 2.0, -1.0, -1.0, 2.0, -1.0, -1.0, -1.0, -1.0]",4,game_rot_vec_z,2,Hammering Inward Block,40,-0.2313914,0.34692,-0.23726417
2,"[2.0, 2.0, -1.0, -1.0, 2.0, -1.0, -1.0, -1.0, -1.0]",4,game_rot_vec_z,3,Extended Outward Block,40,0.18599698,0.31324798,0.19141811
2,"[2.0, 2.0, -1.0, -1.0, 2.0, -1.0, -1.0, -1.0, -1.0]",4,game_rot_vec_z,4,Outward Downward Block,40,0.43425837,0.25263068,0.4687001
2,"[2.0, 2.0, -1.0, -1.0, 2.0, -1.0, -1.0, -1.0, -1.0]",4,game_rot_vec_z,5,Rear Elbow Block,40,-0.002310966,0.29667056,-0.008458345
3,"[-1.0, -1.0, -1.0, 2.0, 2.0, -1.0, 2.0, -1.0, -1.0]",4,gravity_z,0,Absence of movement,40,-0.18533716,0.57636076,-0.23562229
3,"[-1.0, -1.0, -1.0, 2.0, 2.0, -1.0, 2.0, -1.0, -1.0]",4,gravity_z,1,Upward Block,40,0.11980325,0.3158245,0.092062026
3,"[-1.0, -1.0, -1.0, 2.0, 2.0, -1.0, 2.0, -1.0, -1.0]",4,gravity_z,2,Hammering Inward Block,40,0.13893266,0.35335758,0.15149906
3,"[-1.0, -1.0, -1.0, 2.0, 2.0, -1.0, 2.0, -1.0, -1.0]",4,gravity_z,3,Extended Outward Block,40,0.15143827,0.35359806,0.20849365
3,"[-1.0, -1.0, -1.0, 2.0, 2.0, -1.0, 2.0, -1.0, -1.0]",4,gravity_z,4,Outward Downward Block,40,-0.08357094,0.24807565,-0.07234182
3,"[-1.0, -1.0, -1.0, 2.0, 2.0, -1.0, 2.0, -1.0, -1.0]",4,gravity_z,5,Rear Elbow Block,40,-0.10927083,0.26825804,-0.11369948
4,"[-1.0, -1.0, 2.0, -1.0, 2.0, 2.0, -1.0, -1.0, -1.0]",4,game_rot_vec_x,0,Absence of movement,40,-0.26793474,0.61805505,-0.26192915
4,"[-1.0, -1.0, 2.0, -1.0, 2.0, 2.0, -1.0, -1.0, -1.0]",4,game_rot_vec_x,1,Upward Block,40,0.04702974,0.319331,0.07644321
4,"[-1.0, -1.0, 2.0, -1.0, 2.0, 2.0, -1.0, -1.0, -1.0]",4,game_rot_vec_x,2,Hammering Inward Block,40,0.101734735,0.27451512,0.15556872
4,"[-1.0, -1.0, 2.0, -1.0, 2.0, 2.0, -1.0, -1.0, -1.0]",4,game_rot_vec_x,3,Extended Outward Block,40,0.15043645,0.33756477,0.1324391
4,"[-1.0, -1.0, 2.0, -1.0, 2.0, 2.0, -1.0, -1.0, -1.0]",4,game_rot_vec_x,4,Outward Downward Block,40,-0.034544736,0.2438916,-0.043569863
4,"[-1.0, -1.0, 2.0, -1.0, 2.0, 2.0, -1.0, -1.0, -1.0]",4,game_rot_vec_x,5,Rear Elbow Block,40,0.023619983,0.30033946,0.021581013
5,"[-1.0, -1.0, 2.0, -1.0, 2.0, 2.0, -1.0, -1.0, -1.0]",3,game_rot_vec_x,0,Absence of movement,40,-0.1758802,0.596528,-0.17378274
5,"[-1.0, -1.0, 2.0, -1.0, 2.0, 2.0, -1.0, -1.0, -1.0]",3,game_rot_vec_x,1,Upward Block,40,-0.10306773,0.2249415,-0.083267
5,"[-1.0, -1.0, 2.0, -1.0, 2.0, 2.0, -1.0, -1.0, -1.0]",3,game_rot_vec_x,2,Hammering Inward Block,40,0.104811266,0.2937768,0.1123946
5,"[-1.0, -1.0, 2.0, -1.0, 2.0, 2.0, -1.0, -1.0, -1.0]",3,game_rot_vec_x,3,Extended Outward Block,40,0.16021694,0.34146315,0.17414254
5,"[-1.0, -1.0, 2.0, -1.0, 2.0, 2.0, -1.0, -1.0, -1.0]",3,game_rot_vec_x,4,Outward Downward Block,40,0.007861512,0.27534497,-0.0042358763
5,"[-1.0, -1.0, 2.0, -1.0, 2.0, 2.0, -1.0, -1.0, -1.0]",3,game_rot_vec_x,5,Rear Elbow Block,40,0.024649382,0.26997042,-0.004438405
6,"[2.0, -1.0, -1.0, 2.0, -1.0, 2.0, -1.0, -1.0, -1.0]",4,accelerometer_z,0,Absence of movement,40,-0.29368448,0.37832198,-0.25737476
6,"[2.0, -1.0, -1.0, 2.0, -1.0, 2.0, -1.0, -1.0, -1.0]",4,accelerometer_z,1,Upward Block,40,0.42262277,0.25814193,0.45095822
6,"[2.0, -1.0, -1.0, 2.0, -1.0, 2.0, -1.0, -1.0, -1.0]",4,accelerometer_z,2,Hammering Inward Block,40,-0.16180104,0.32786372,-0.11967911
6,"[2.0, -1.0, -1.0, 2.0, -1.0, 2.0, -1.0, -1.0, -1.0]",4,accelerometer_z,3,Extended Outward Block,40,-0.20979133,0.31045905,-0.19107471
6,"[2.0, -1.0, -1.0, 2.0, -1.0, 2.0, -1.0, -1.0, -1.0]",4,accelerometer_z,4,Outward Downward Block,40,0.24697797,0.36535144,0.32899573
6,"[2.0, -1.0, -1.0, 2.0, -1.0, 2.0, -1.0, -1.0, -1.0]",4,accelerometer_z,5,Rear Elbow Block,40,-0.0038503408,0.31123117,-0.03181666
7,"[-1.0, -1.0, -1.0, -1.0, 2.0, -1.0, 2.0, -1.0, 2.0]",4,accelerometer_x,0,Absence of movement,40,-0.4167816,0.42562082,-0.5265107
7,"[-1.0, -1.0, -1.0, -1.0, 2.0, -1.0, 2.0, -1.0, 2.0]",4,accelerometer_x,1,Upward Block,40,-0.07087171,0.37026387,-0.08989926
7,"[-1.0, -1.0, -1.0, -1.0, 2.0, -1.0, 2.0, -1.0, 2.0]",4,accelerometer_x,2,Hammering Inward Block,40,0.37132174,0.38990843,0.31017935
7,"[-1.0, -1.0, -1.0, -1.0, 2.0, -1.0, 2.0, -1.0, 2.0]",4,accelerometer_x,3,Extended Outward Block,40,0.07215736,0.43913698,0.103055
7,"[-1.0, -1.0, -1.0, -1.0, 2.0, -1.0, 2.0, -1.0, 2.0]",4,accelerometer_x,4,Outward Downward Block,40,-0.13437775,0.22111577,-0.11169921
7,"[-1.0, -1.0, -1.0, -1.0, 2.0, -1.0, 2.0, -1.0, 2.0]",4,accelerometer_x,5,Rear Elbow Block,40,0.19116,0.28350607,0.19854927
8,"[-1.0, 2.0, 2.0, -1.0, 2.0, -1.0, -1.0, -1.0, -1.0]",4,magn_field_z,0,Absence of movement,40,-0.25303483,0.3478005,-0.1813026
8,"[-1.0, 2.0, 2.0, -1.0, 2.0, -1.0, -1.0, -1.0, -1.0]",4,magn_field_z,1,Upward Block,40,0.4578789,0.25863886,0.45496824
8,"[-1.0, 2.0, 2.0, -1.0, 2.0, -1.0, -1.0, -1.0, -1.0]",4,magn_field_z,2,Hammering Inward Block,40,-0.17475107,0.42629346,-0.21772051
8,"[-1.0, 2.0, 2.0, -1.0, 2.0, -1.0, -1.0, -1.0, -1.0]",4,magn_field_z,3,Extended Outward Block,40,-0.23829365,0.3663743,-0.2025535
8,"[-1.0, 2.0, 2.0, -1.0, 2.0, -1.0, -1.0, -1.0, -1.0]",4,magn_field_z,4,Outward Downward Block,40,0.19997184,0.3724424,0.14340594
8,"[-1.0, 2.0, 2.0, -1.0, 2.0, -1.0, -1.0, -1.0, -1.0]",4,magn_field_z,5,Rear Elbow Block,40,-0.073500335,0.35463884,0.0131585
9,"[-1.0, -1.0, -1.0, 2.0, -1.0, -1.0, 2.0, 2.0, -1.0]",4,lin_accel_z,0,Absence of movement,40,-0.6671084,0.44785473,-0.65235627
9,"[-1.0, -1.0, -1.0, 2.0, -1.0, -1.0, 2.0, 2.0, -1.0]",4,lin_accel_z,1,Upward Block,40,0.07389993,0.32360506,0.048353393
9,"[-1.0, -1.0, -1.0, 2.0, -1.0, -1.0, 2.0, 2.0, -1.0]",4,lin_accel_z,2,Hammering Inward Block,40,0.3878414,0.37041527,0.38364437
9,"[-1.0, -1.0, -1.0, 2.0, -1.0, -1.0, 2.0, 2.0, -1.0]",4,lin_accel_z,3,Extended Outward Block,40,0.100323245,0.3767963,0.124271795
9,"[-1.0, -1.0, -1.0, 2.0, -1.0, -1.0, 2.0, 2.0, -1.0]",4,lin_accel_z,4,Outward Downward Block,40,-0.061692387,0.32370767,-0.06137038
9,"[-1.0, -1.0, -1.0, 2.0, -1.0, -1.0, 2.0, 2.0, -1.0]",4,lin_accel_z,5,Rear Elbow Block,40,0.14655872,0.31193537,0.16957629
10,"[-1.0, -1.0, 2.0, -1.0, 2.0, -1.0, 2.0, -1.0, -1.0]",4,game_rot_vec_y,0,Absence of movement,40,-0.028549124,0.50369483,0.024165383
10,"[-1.0, -1.0, 2.0, -1.0, 2.0, -1.0, 2.0, -1.0, -1.0]",4,game_rot_vec_y,1,Upward Block,40,0.068892635,0.28188375,0.024583593
10,"[-1.0, -1.0, 2.0, -1.0, 2.0, -1.0, 2.0, -1.0, -1.0]",4,game_rot_vec_y,2,Hammering Inward Block,40,0.13665466,0.32295474,0.15830763
10,"[-1.0, -1.0, 2.0, -1.0, 2.0, -1.0, 2.0, -1.0, -1.0]",4,game_rot_vec_y,3,Extended Outward Block,40,0.15228696,0.37347877,0.18929067
10,"[-1.0, -1.0, 2.0, -1.0, 2.0, -1.0, 2.0, -1.0, -1.0]",4,game_rot_vec_y,4,Outward Downward Block,40,-0.099283576,0.25427142,-0.09306964
10,"[-1.0, -1.0, 2.0, -1.0, 2.0, -1.0, 2.0, -1.0, -1.0]",4,game_rot_vec_y,5,Rear Elbow Block,40,-0.17835364,0.3532346,-0.17242447
11,"[2.0, -1.0, 2.0, -1.0, -1.0, 2.0, -1.0, -1.0, -1.0]",4,gravity_x,0,Absence of movement,40,-0.7132325,0.49658218,-0.67488164
11,"[2.0, -1.0, 2.0, -1.0, -1.0, 2.0, -1.0, -1.0, -1.0]",4,gravity_x,1,Upward Block,40,0.32010818,0.2775342,0.3155173
11,"[2.0, -1.0, 2.0, -1.0, -1.0, 2.0, -1.0, -1.0, -1.0]",4,gravity_x,2,Hammering Inward Block,40,-0.20412898,0.36246344,-0.20815879
11,"[2.0, -1.0, 2.0, -1.0, -1.0, 2.0, -1.0, -1.0, -1.0]",4,gravity_x,3,Extended Outward Block,40,0.1825178,0.27951914,0.14070916
11,"[2.0, -1.0, 2.0, -1.0, -1.0, 2.0, -1.0, -1.0, -1.0]",4,gravity_x,4,Outward Downward Block,40,0.4593193,0.287935,0.45554966
11,"[2.0, -1.0, 2.0, -1.0, -1.0, 2.0, -1.0, -1.0, -1.0]",4,gravity_x,5,Rear Elbow Block,40,-0.08489787,0.3320492,-0.08413759
12,"[-1.0, -1.0, -1.0, -1.0, 2.0, -1.0, -1.0, 2.0, 2.0]",4,game_rot_vec_y,0,Absence of movement,40,-0.16181745,0.354344,-0.20613
12,"[-1.0, -1.0, -1.0, -1.0, 2.0, -1.0, -1.0, 2.0, 2.0]",4,game_rot_vec_y,1,Upward Block,40,-0.15166919,0.33203045,-0.14014462
12,"[-1.0, -1.0, -1.0, -1.0, 2.0, -1.0, -1.0, 2.0, 2.0]",4,game_rot_vec_y,2,Hammering Inward Block,40,0.059051942,0.50584084,0.11271419
12,"[-1.0, -1.0, -1.0, -1.0, 2.0, -1.0, -1.0, 2.0, 2.0]",4,game_rot_vec_y,3,Extended Outward Block,40,-0.044742443,0.33794513,-0.083930224
12,"[-1.0, -1.0, -1.0, -1.0, 2.0, -1.0, -1.0, 2.0, 2.0]",4,game_rot_vec_y,4,Outward Downward Block,40,-0.1791348,0.36542296,-0.1776661
12,"[-1.0, -1.0, -1.0, -1.0, 2.0, -1.0, -1.0, 2.0, 2.0]",4,game_rot_vec_y,5,Rear Elbow Block,40,0.48361474,0.33654898,0.47157568
13,"[-1.0, -1.0, 2.0, -1.0, 2.0, -1.0, 2.0, -1.0, -1.0]",3,game_rot_vec_y,0,Absence of movement,40,-0.009492707,0.54926175,0.017990738
13,"[-1.0, -1.0, 2.0, -1.0, 2.0, -1.0, 2.0, -1.0, -1.0]",3,game_rot_vec_y,1,Upward Block,40,-0.0850404,0.28271598,-0.09146154
13,"[-1.0, -1.0, 2.0, -1.0, 2.0, -1.0, 2.0, -1.0, -1.0]",3,game_rot_vec_y,2,Hammering Inward Block,40,0.11850436,0.3406377,0.15470557
13,"[-1.0, -1.0, 2.0, -1.0, 2.0, -1.0, 2.0, -1.0, -1.0]",3,game_rot_vec_y,3,Extended Outward Block,40,0.11945404,0.35840377,0.17320499
13,"[-1.0, -1.0, 2.0, -1.0, 2.0, -1.0, 2.0, -1.0, -1.0]",3,game_rot_vec_y,4,Outward Downward Block,40,0.00022936464,0.23368345,-0.042509887
13,"[-1.0, -1.0, 2.0, -1.0, 2.0, -1.0, 2.0, -1.0, -1.0]",3,game_rot_vec_y,5,Rear Elbow Block,40,-0.0983191,0.34319592,-0.08552699
14,"[2.0, 2.0, -1.0, -1.0, -1.0, 2.0, -1.0, -1.0, -1.0]",4,magn_field_x,0,Absence of movement,40,-0.72884005,0.51342785,-0.72562444
14,"[2.0, 2.0, -1.0, -1.0, -1.0, 2.0, -1.0, -1.0, -1.0]",4,magn_field_x,1,Upward Block,40,0.23412259,0.24842091,0.28522086
14,"[2.0, 2.0, -1.0, -1.0, -1.0, 2.0, -1.0, -1.0, -1.0]",4,magn_field_x,2,Hammering Inward Block,40,-0.25721866,0.35806498,-0.27096355
14,"[2.0, 2.0, -1.0, -1.0, -1.0, 2.0, -1.0, -1.0, -1.0]",4,magn_field_x,3,Extended Outward Block,40,0.14708574,0.32888216,0.10935126
14,"[2.0, 2.0, -1.0, -1.0, -1.0, 2.0, -1.0, -1.0, -1.0]",4,magn_field_x,4,Outward Downward Block,40,0.50581294,0.22032693,0.52433497
14,"[2.0, 2.0, -1.0, -1.0, -1.0, 2.0, -1.0, -1.0, -1.0]",4,magn_field_x,5,Rear Elbow Block,40,0.09105371,0.22437009,0.077534765
15,"[2.0, 2.0, -1.0, -1.0, -1.0, -1.0, -1.0, -1.0, 2.0]",4,accelerometer_x,0,Absence of movement,40,-0.4386143,0.5394236,-0.46045375
15,"[2.0, 2.0, -1.0, -1.0, -1.0, -1.0, -1.0, -1.0, 2.0]",4,accelerometer_x,1,Upward Block,40,0.034108702,0.30969447,0.05980109
15,"[2.0, 2.0, -1.0, -1.0, -1.0, -1.0, -1.0, -1.0, 2.0]",4,accelerometer_x,2,Hammering Inward Block,40,-0.20397243,0.3778239,-0.1550121
15,"[2.0, 2.0, -1.0, -1.0, -1.0, -1.0, -1.0, -1.0, 2.0]",4,accelerometer_x,3,Extended Outward Block,40,0.006789544,0.4101285,0.022782793
15,"[2.0, 2.0, -1.0, -1.0, -1.0, -1.0, -1.0, -1.0, 2.0]",4,accelerometer_x,4,Outward Downward Block,40,0.28968516,0.24548438,0.29778242
15,"[2.0, 2.0, -1.0, -1.0, -1.0, -1.0, -1.0, -1.0, 2.0]",4,accelerometer_x,5,Rear Elbow Block,40,0.29701382,0.26906458,0.22983065
16,"[-1.0, -1.0, -1.0, -1.0, -1.0, 2.0, -1.0, 2.0, 2.0]",4,magn_field_y,0,Absence of movement,40,-0.18288323,0.41838658,-0.14092919
16,"[-1.0, -1.0, -1.0, -1.0, -1.0, 2.0, -1.0, 2.0, 2.0]",4,magn_field_y,1,Upward Block,40,-0.1661144,0.30452365,-0.12735654
16,"[-1.0, -1.0, -1.0, -1.0, -1.0, 2.0, -1.0, 2.0, 2.0]",4,magn_field_y,2,Hammering Inward Block,40,0.0762994,0.5568294,0.071893156
16,"[-1.0, -1.0, -1.0, -1.0, -1.0, 2.0, -1.0, 2.0, 2.0]",4,magn_field_y,3,Extended Outward Block,40,-0.08278619,0.38147518,-0.15186003
16,"[-1.0, -1.0, -1.0, -1.0, -1.0, 2.0, -1.0, 2.0, 2.0]",4,magn_field_y,4,Outward Downward Block,40,-0.1512473,0.3347379,-0.15244368
16,"[-1.0, -1.0, -1.0, -1.0, -1.0, 2.0, -1.0, 2.0, 2.0]",4,magn_field_y,5,Rear Elbow Block,40,0.4983841,0.39212447,0.5721371
17,"[2.0, 2.0, 2.0, -1.0, -1.0, -1.0, -1.0, -1.0, -1.0]",4,game_rot_vec_x,0,Absence of movement,40,-0.6918069,0.5153366,-0.8011023
17,"[2.0, 2.0, 2.0, -1.0, -1.0, -1.0, -1.0, -1.0, -1.0]",4,game_rot_vec_x,1,Upward Block,40,0.12842283,0.27757922,0.16910982
17,"[2.0, 2.0, 2.0, -1.0, -1.0, -1.0, -1.0, -1.0, -1.0]",4,game_rot_vec_x,2,Hammering Inward Block,40,-0.27468798,0.38050762,-0.29667526
17,"[2.0, 2.0, 2.0, -1.0, -1.0, -1.0, -1.0, -1.0, -1.0]",4,game_rot_vec_x,3,Extended Outward Block,40,0.16515592,0.36594135,0.14156339
17,"[2.0, 2.0, 2.0, -1.0, -1.0, -1.0, -1.0, -1.0, -1.0]",4,game_rot_vec_x,4,Outward Downward Block,40,0.4389244,0.20279974,0.42328328
17,"[2.0, 2.0, 2.0, -1.0, -1.0, -1.0, -1.0, -1.0, -1.0]",4,game_rot_vec_x,5,Rear Elbow Block,40,0.20355256,0.24616608,0.18881175
18,"[-1.0, -1.0, -1.0, 2.0, -1.0, -1.0, 2.0, -1.0, 2.0]",4,game_rot_vec_x,0,Absence of movement,40,-0.61724937,0.41459394,-0.6262269
18,"[-1.0, -1.0, -1.0, 2.0, -1.0, -1.0, 2.0, -1.0, 2.0]",4,game_rot_vec_x,1,Upward Block,40,0.0068381084,0.34229442,-0.01360791
18,"[-1.0, -1.0, -1.0, 2.0, -1.0, -1.0, 2.0, -1.0, 2.0]",4,game_rot_vec_x,2,Hammering Inward Block,40,0.35746583,0.30070058,0.3494563
18,"[-1.0, -1.0, -1.0, 2.0, -1.0, -1.0, 2.0, -1.0, 2.0]",4,game_rot_vec_x,3,Extended Outward Block,40,0.063446596,0.39354175,0.07754238
18,"[-1.0, -1.0, -1.0, 2.0, -1.0, -1.0, 2.0, -1.0, 2.0]",4,game_rot_vec_x,4,Outward Downward Block,40,-0.07394622,0.29717952,-0.1375934
18,"[-1.0, -1.0, -1.0, 2.0, -1.0, -1.0, 2.0, -1.0, 2.0]",4,game_rot_vec_x,5,Rear Elbow Block,40,0.24266596,0.33212546,0.2414962
19,"[-1.0, -1.0, -1.0, -1.0, 2.0, -1.0, 2.0, 2.0, -1.0]",4,magn_field_z,0,Absence of movement,40,-0.5248164,0.3950488,-0.55283856
19,"[-1.0, -1.0, -1.0, -1.0, 2.0, -1.0, 2.0, 2.0, -1.0]",4,magn_field_z,1,Upward Block,40,-0.04968972,0.34986785,-0.09783669
19,"[-1.0, -1.0, -1.0, -1.0, 2.0, -1.0, 2.0, 2.0, -1.0]",4,magn_field_z,2,Hammering Inward Block,40,0.42303318,0.40502608,0.30925477
19,"[-1.0, -1.0, -1.0, -1.0, 2.0, -1.0, 2.0, 2.0, -1.0]",4,magn_field_z,3,Extended Outward Block,40,0.10718119,0.440512,0.15832424
19,"[-1.0, -1.0, -1.0, -1.0, 2.0, -1.0, 2.0, 2.0, -1.0]",4,magn_field_z,4,Outward Downward Block,40,-0.088388406,0.26008257,-0.07360676
19,"[-1.0, -1.0, -1.0, -1.0, 2.0, -1.0, 2.0, 2.0, -1.0]",4,magn_field_z,5,Rear Elbow Block,40,0.14221938,0.31234375,0.11532289
20,"[-1.0, -1.0, -1.0, -1.0, 2.0, -1.0, -1.0, 2.0, 2.0]",3,game_rot_vec_y,0,Absence of movement,40,-0.48071995,0.4298824,-0.44331044
20,"[-1.0, -1.0, -1.0, -1.0, 2.0, -1.0, -1.0, 2.0, 2.0]",3,game_rot_vec_y,1,Upward Block,40,-0.07030065,0.33113095,-0.16467391
20,"[-1.0, -1.0, -1.0, -1.0, 2.0, -1.0, -1.0, 2.0, 2.0]",3,game_rot_vec_y,2,Hammering Inward Block,40,0.21209817,0.42335713,0.2514609
20,"[-1.0, -1.0, -1.0, -1.0, 2.0, -1.0, -1.0, 2.0, 2.0]",3,game_rot_vec_y,3,Extended Outward Block,40,-0.02432993,0.4648793,-0.08383271
20,"[-1.0, -1.0, -1.0, -1.0, 2.0, -1.0, -1.0, 2.0, 2.0]",3,game_rot_vec_y,4,Outward Downward Block,40,-0.10140822,0.3327177,-0.106792286
20,"[-1.0, -1.0, -1.0, -1.0, 2.0, -1.0, -1.0, 2.0, 2.0]",3,game_rot_vec_y,5,Rear Elbow Block,40,0.42596254,0.33661908,0.42210567
